epoch,train_accuracy,test_accuracy,train_loss,weight_norm
1,0.009778911247849464,0.010626992210745811,4.576182842254639,8.65700626373291
50,0.042517006397247314,0.00021253984596114606,4.49301815032959,12.984371185302734
100,0.08673469722270966,0.0,4.2930827140808105,22.1004638671875
150,0.11798469722270966,0.0,3.9950778484344482,32.118408203125
200,0.1806972771883011,0.0,3.669102668762207,41.3754997253418
250,0.2663690447807312,0.0,3.3389508724212646,49.68492889404297
300,0.3743622303009033,0.0,3.0114431381225586,57.143802642822266
350,0.4812925159931183,0.0,2.6879937648773193,63.86279296875
400,0.5911989808082581,0.0,2.370119571685791,69.933349609375
450,0.6832482814788818,0.0,2.0598859786987305,75.42403411865234
500,0.7782738208770752,0.0,1.7626723051071167,80.3648452758789
550,0.8577806353569031,0.0,1.48741614818573,84.76871490478516
600,0.9168792366981506,0.00021253984596114606,1.2410242557525635,88.63490295410156
650,0.9572703838348389,0.0004250796919222921,1.0286134481430054,91.94446563720703
700,0.983418345451355,0.0012752391630783677,0.8520188331604004,94.69658660888672
750,0.9936224222183228,0.0023379384074360132,0.7100507020950317,96.91043853759766
800,0.9989370703697205,0.004463336896151304,0.5994629859924316,98.6257095336914
850,1.0,0.007863974198698997,0.5143760442733765,99.90789031982422
900,1.0,0.010839532129466534,0.44950929284095764,100.8296127319336
950,1.0,0.014240169897675514,0.3995208442211151,101.46524047851562
1000,1.0,0.017215728759765625,0.3611612915992737,101.88021087646484
1050,1.0,0.02146652527153492,0.3309912383556366,102.13037109375
1100,1.0,0.025504782795906067,0.30657997727394104,102.26115417480469
1150,1.0,0.030818277969956398,0.28643929958343506,102.30561065673828
1200,1.0,0.035494156181812286,0.26936256885528564,102.29179382324219
1250,1.0,0.03889479115605354,0.25463202595710754,102.24053955078125
1300,1.0,0.04442082718014717,0.24178922176361084,102.16380310058594
1350,1.0,0.05185972526669502,0.23019815981388092,102.06906127929688
1400,1.0,0.05951115861535072,0.21964411437511444,101.96601104736328
1450,1.0,0.06801275163888931,0.20995260775089264,101.85233306884766
1500,1.0,0.0765143483877182,0.20098277926445007,101.73365020751953
1550,1.0,0.08480340242385864,0.19261817634105682,101.61224365234375
1600,1.0,0.0994686484336853,0.18472224473953247,101.49162292480469
1650,1.0,0.10818278789520264,0.17737677693367004,101.37030792236328
1700,1.0,0.11753454059362411,0.17051048576831818,101.24954986572266
1750,1.0,0.12752391397953033,0.16407163441181183,101.13166809082031
1800,1.0,0.13581296801567078,0.158124178647995,101.01473999023438
1850,1.0,0.14877790212631226,0.15236233174800873,100.90069580078125
1900,1.0,0.1611052006483078,0.14689850807189941,100.79022979736328
1950,1.0,0.17364506423473358,0.14171923696994781,100.68251037597656
2000,1.0,0.18894793093204498,0.1366545855998993,100.58082580566406
2050,1.0,0.20042507350444794,0.13186867535114288,100.48074340820312
2100,1.0,0.21317747235298157,0.1272989809513092,100.38247680664062
2150,1.0,0.23230606317520142,0.12304739654064178,100.28308868408203
2200,1.0,0.2505844831466675,0.11912701278924942,100.18699645996094
2250,1.0,0.2641870379447937,0.11531780660152435,100.09526062011719
2300,1.0,0.27523910999298096,0.11172951012849808,100.00959777832031
2350,1.0,0.29224228858947754,0.10827332735061646,99.92926025390625
2400,1.0,0.30754515528678894,0.10490955412387848,99.85277557373047
2450,1.0,0.32072263956069946,0.10171199589967728,99.77864837646484
2500,1.0,0.3366631269454956,0.09870756417512894,99.70740509033203
2550,1.0,0.3532412350177765,0.09593336284160614,99.64097595214844
2600,1.0,0.37066951394081116,0.09333311021327972,99.5813217163086
2650,1.0,0.38724762201309204,0.09083445370197296,99.53044128417969
2700,1.0,0.40446335077285767,0.08836241066455841,99.48872375488281
2750,1.0,0.416790634393692,0.08591219037771225,99.453125
2800,1.0,0.42954304814338684,0.08355674147605896,99.4205551147461
2850,1.0,0.44357067346572876,0.08137379586696625,99.38976287841797
2900,1.0,0.4578108489513397,0.0792563334107399,99.36409759521484
2950,1.0,0.468862920999527,0.07719883322715759,99.34102630615234
3000,1.0,0.4828905463218689,0.07525976747274399,99.32005310058594
3050,1.0,0.49160468578338623,0.07344162464141846,99.30329895019531
3100,1.0,0.5052072405815125,0.07171817123889923,99.29159545898438
3150,1.0,0.516684353351593,0.07007154822349548,99.28722381591797
3200,1.0,0.5307120084762573,0.06850189715623856,99.2891845703125
3250,1.0,0.542614221572876,0.06696005910634995,99.29568481445312
3300,1.0,0.5492029786109924,0.06549547612667084,99.3084945678711
3350,1.0,0.5604676008224487,0.06407953053712845,99.32869720458984
3400,1.0,0.568969190120697,0.06267721205949783,99.3547134399414
3450,1.0,0.5795961618423462,0.06132243201136589,99.385986328125
3500,1.0,0.586609959602356,0.060044534504413605,99.41935729980469
3550,1.0,0.5936238169670105,0.05878588557243347,99.45806884765625
3600,1.0,0.6004250645637512,0.0575612373650074,99.50079345703125
3650,1.0,0.6059511303901672,0.05637121573090553,99.54703521728516
3700,1.0,0.6146652698516846,0.05521509051322937,99.59630584716797
3750,1.0,0.6197662353515625,0.05406790226697922,99.64678192138672
3800,1.0,0.6248671412467957,0.05293655768036842,99.69772338867188
3850,1.0,0.6350690722465515,0.05180845037102699,99.74922943115234
3900,1.0,0.6429330706596375,0.05068519338965416,99.80082702636719
3950,1.0,0.6490967273712158,0.049609001725912094,99.85057830810547
4000,1.0,0.6580233573913574,0.0485580712556839,99.90003204345703
4050,1.0,0.6652497053146362,0.047516610473394394,99.94941711425781
4100,1.0,0.6735388040542603,0.04648374766111374,99.99901580810547
4150,1.0,0.6797024607658386,0.045496467500925064,100.04632568359375
4200,1.0,0.6865037083625793,0.0445307195186615,100.09321594238281
4250,1.0,0.6950052976608276,0.04356975853443146,100.13951110839844
4300,1.0,0.7058448195457458,0.042621295899152756,100.18294525146484
4350,1.0,0.7137088179588318,0.041699424386024475,100.22350311279297
4400,1.0,0.7200850248336792,0.04078930243849754,100.26409912109375
4450,1.0,0.7256110310554504,0.03990829735994339,100.30445861816406
4500,1.0,0.7330499291419983,0.039031073451042175,100.34333038330078
4550,1.0,0.7430393099784851,0.038178034126758575,100.37864685058594
4600,1.0,0.750478208065033,0.03733623027801514,100.41365051269531
4650,1.0,0.7579171061515808,0.0365140400826931,100.44959259033203
4700,1.0,0.7672688364982605,0.035701751708984375,100.48565673828125
4750,1.0,0.7736450433731079,0.03490256518125534,100.52103424072266
4800,1.0,0.7815090417861938,0.03411227837204933,100.55499267578125
4850,1.0,0.789372980594635,0.03335130959749222,100.58789825439453
4900,1.0,0.7953241467475891,0.03259671851992607,100.61766052246094
4950,1.0,0.7985122203826904,0.03185048699378967,100.64334869384766
5000,1.0,0.8065887093544006,0.031111283227801323,100.66490173339844
5050,1.0,0.8136025667190552,0.030399682000279427,100.68289184570312
5100,1.0,0.8218916058540344,0.029727419838309288,100.69868469238281
5150,1.0,0.8272051215171814,0.02910137176513672,100.71558380126953
5200,1.0,0.8312433362007141,0.02850176766514778,100.73648834228516
5250,1.0,0.8399574756622314,0.027910858392715454,100.7624282836914
5300,1.0,0.8439957499504089,0.027340233325958252,100.79166412353516
5350,1.0,0.8531349897384644,0.026790933683514595,100.82322692871094
5400,1.0,0.856960654258728,0.026254873722791672,100.85691833496094
5450,1.0,0.8603613376617432,0.02573520876467228,100.89163208007812
5500,1.0,0.8658873438835144,0.025228111073374748,100.93029022216797
5550,1.0,0.8705632090568542,0.024737423285841942,100.9699478149414
5600,1.0,0.8754516243934631,0.024270175024867058,101.01223754882812
5650,1.0,0.8773645162582397,0.02379479445517063,101.05681610107422
5700,1.0,0.8780021071434021,0.023337077349424362,101.10238647460938
5750,1.0,0.8797024488449097,0.02290382981300354,101.14856719970703
5800,1.0,0.8811902403831482,0.022461596876382828,101.19847869873047
5850,1.0,0.8850159645080566,0.022026756778359413,101.2477035522461
5900,1.0,0.8873538970947266,0.02160026878118515,101.29664611816406
5950,1.0,0.890967071056366,0.021172311156988144,101.34527587890625
6000,1.0,0.8922423124313354,0.02076643891632557,101.3918685913086
6050,1.0,0.8975557684898376,0.020364973694086075,101.43742370605469
6100,1.0,0.8988310098648071,0.019968992099165916,101.48193359375
6150,1.0,0.9015940427780151,0.019591383635997772,101.52738189697266
6200,1.0,0.9060573577880859,0.01921432837843895,101.57227325439453
6250,1.0,0.9077576994895935,0.01884923316538334,101.61750030517578
6300,1.0,0.9096705913543701,0.018505413085222244,101.66375732421875
6350,1.0,0.91200852394104,0.018172722309827805,101.71416473388672
6400,1.0,0.9149840474128723,0.01784355938434601,101.76565551757812
6450,1.0,0.9164718389511108,0.0175207257270813,101.81655883789062
6500,1.0,0.9188097715377808,0.0172035600990057,101.86781311035156
6550,1.0,0.9194474220275879,0.016897588968276978,101.91968536376953
6600,1.0,0.9207226634025574,0.01659700646996498,101.97206115722656
6650,1.0,0.9232730865478516,0.016298983246088028,102.02473449707031
6700,1.0,0.9249734282493591,0.016002435237169266,102.07698822021484
6750,1.0,0.9277364611625671,0.015709808096289635,102.12733459472656
6800,1.0,0.9287991523742676,0.015422482043504715,102.1759033203125
6850,1.0,0.929861843585968,0.01514231227338314,102.222900390625
6900,1.0,0.9319872260093689,0.0148687232285738,102.27023315429688
6950,1.0,0.9341126680374146,0.01460604090243578,102.3162612915039
7000,1.0,0.935175359249115,0.01434652041643858,102.36038970947266
7050,1.0,0.9368756413459778,0.014093635603785515,102.40386962890625
7100,1.0,0.9381508827209473,0.013847722671926022,102.44761657714844
7150,1.0,0.9387885332107544,0.013610387220978737,102.49273681640625
7200,1.0,0.9402763247489929,0.013369018211960793,102.5403823852539
7250,1.0,0.9415515661239624,0.013143159449100494,102.58908081054688
7300,1.0,0.9441020488739014,0.0129226790741086,102.64083099365234
7350,1.0,0.9449521899223328,0.012705856002867222,102.69451904296875
7400,1.0,0.9458023309707642,0.012494359165430069,102.7513198852539
7450,1.0,0.9475026726722717,0.012282190844416618,102.81044006347656
7500,1.0,0.9485653638839722,0.012075022794306278,102.87028503417969
7550,1.0,0.9492029547691345,0.011872699484229088,102.93065643310547
7600,1.0,0.9515408873558044,0.011673439294099808,102.99028015136719
7650,1.0,0.953028678894043,0.011479721404612064,103.04916381835938
7700,1.0,0.9536663293838501,0.01129024289548397,103.10770416259766
7750,1.0,0.9540913701057434,0.011108740232884884,103.16693878173828
7800,1.0,0.9555791616439819,0.010930531658232212,103.2283935546875
7850,1.0,0.955791711807251,0.010756364092230797,103.29067993164062
7900,1.0,0.9553666114807129,0.010586160235106945,103.35384368896484
7950,1.0,0.9568544030189514,0.010416304692626,103.41891479492188
8000,1.0,0.9574920535087585,0.010245400480926037,103.4853744506836
8050,1.0,0.958767294883728,0.010073480196297169,103.55258178710938
8100,1.0,0.9604675769805908,0.009903070516884327,103.6168441772461
8150,1.0,0.9606801271438599,0.009735948406159878,103.68080139160156
8200,1.0,0.9613177180290222,0.00957352202385664,103.74327850341797
8250,1.0,0.9625929594039917,0.009413321502506733,103.8060073852539
8300,1.0,0.9630180597305298,0.009254228323698044,103.86815643310547
8350,1.0,0.9642933011054993,0.009092733263969421,103.92897033691406
8400,1.0,0.9649309515953064,0.008935831487178802,103.9875259399414
8450,1.0,0.9655685424804688,0.00878663919866085,104.04432678222656
8500,1.0,0.9662061929702759,0.008638529106974602,104.10188293457031
8550,1.0,0.9668437838554382,0.008493841625750065,104.15945434570312
8600,1.0,0.9676939249038696,0.00835054088383913,104.21755981445312
8650,1.0,0.9685441255569458,0.008211254142224789,104.27510833740234
8700,1.0,0.9693942666053772,0.008074707351624966,104.33292388916016
8750,1.0,0.9693942666053772,0.007942690514028072,104.39105224609375
8800,1.0,0.9702444076538086,0.007814680226147175,104.45006561279297
8850,1.0,0.9702444076538086,0.007685569580644369,104.50990295410156
8900,1.0,0.9717321991920471,0.007556843105703592,104.56859588623047
8950,1.0,0.9727948904037476,0.007427462842315435,104.62686157226562
9000,1.0,0.9734325408935547,0.007302728481590748,104.68315887451172
9050,1.0,0.9725823402404785,0.007183589972555637,104.73822784423828
9100,1.0,0.9734325408935547,0.007068788167089224,104.79388427734375
9150,1.0,0.974070131778717,0.0069561912678182125,104.85211181640625
9200,1.0,0.9744952321052551,0.006844658404588699,104.91294860839844
9250,1.0,0.9744952321052551,0.006735282484441996,104.97415161132812
9300,1.0,0.974070131778717,0.006628534756600857,105.03653717041016
9350,1.0,0.9749202728271484,0.006523222662508488,105.10071563720703
9400,1.0,0.9749202728271484,0.006419403478503227,105.16565704345703
9450,1.0,0.9751328229904175,0.006317608989775181,105.23214721679688
9500,1.0,0.9753453731536865,0.0062186443246901035,105.29964447021484
9550,1.0,0.9761955142021179,0.006123830564320087,105.36698150634766
9600,1.0,0.976620614528656,0.006028839852660894,105.43669128417969
9650,1.0,0.9770457148551941,0.005936401430517435,105.50698852539062
9700,1.0,0.9759830236434937,0.005845074541866779,105.57774353027344
9750,1.0,0.9759830236434937,0.00575619051232934,105.65013885498047
9800,1.0,0.976620614528656,0.005666628479957581,105.72361755371094
9850,1.0,0.9761955142021179,0.0055774240754544735,105.79744720458984
9900,1.0,0.9761955142021179,0.005489731673151255,105.87032318115234
9950,1.0,0.976620614528656,0.005404683295637369,105.94273376464844
10000,1.0,0.976408064365387,0.005322386045008898,106.01617431640625
10050,1.0,0.9776833057403564,0.005240407306700945,106.09072875976562
10100,1.0,0.9772582650184631,0.005157890263944864,106.16502380371094
10150,1.0,0.9778958559036255,0.005079085007309914,106.2385025024414
10200,1.0,0.9774707555770874,0.00500085111707449,106.31356048583984
10250,1.0,0.9770457148551941,0.004923523869365454,106.3896484375
10300,1.0,0.9776833057403564,0.004845752380788326,106.46607971191406
10350,1.0,0.9778958559036255,0.004767520818859339,106.54181671142578
10400,1.0,0.9785334467887878,0.004691903945058584,106.61649322509766
10450,1.0,0.9795961976051331,0.004616330843418837,106.6905746459961
10500,1.0,0.9798086881637573,0.004541657865047455,106.76457977294922
10550,1.0,0.9802337884902954,0.004470165818929672,106.83687591552734
10600,1.0,0.9808714389801025,0.004400825593620539,106.90887451171875
10650,1.0,0.9810839295387268,0.004331815522164106,106.9814453125
10700,1.0,0.9808714389801025,0.004263356328010559,107.05482482910156
10750,1.0,0.9810839295387268,0.004196550697088242,107.12744140625
10800,1.0,0.9817215800285339,0.004131572786718607,107.19939422607422
10850,1.0,0.9817215800285339,0.004066947381943464,107.27201843261719
10900,1.0,0.981934130191803,0.004002799279987812,107.34530639648438
10950,1.0,0.9823591709136963,0.003938944544643164,107.418212890625
11000,1.0,0.9829968214035034,0.0038755086716264486,107.48983764648438
11050,1.0,0.9827842712402344,0.003813310991972685,107.56045532226562
11100,1.0,0.9832093715667725,0.003751776646822691,107.63069152832031
11150,1.0,0.9825717210769653,0.0036923731677234173,107.70040130615234
11200,1.0,0.9834218621253967,0.00363264512270689,107.77275085449219
11250,1.0,0.9832093715667725,0.003574254224076867,107.84500122070312
11300,1.0,0.9834218621253967,0.0035159564577043056,107.91795349121094
11350,1.0,0.9840595126152039,0.003458963707089424,107.99128723144531
11400,1.0,0.9844846129417419,0.003402595641091466,108.06489562988281
11450,1.0,0.9859723448753357,0.0033461886923760176,108.13926696777344
11500,1.0,0.9861848950386047,0.0032886494882404804,108.21269226074219
11550,1.0,0.9868225455284119,0.0032327130902558565,108.28270721435547
11600,1.0,0.9870350956916809,0.0031776900868862867,108.35054779052734
11650,1.0,0.9876726865768433,0.0031235164497047663,108.41785430908203
11700,1.0,0.9878852367401123,0.0030707530677318573,108.48219299316406
11750,1.0,0.9889479279518127,0.0030184665229171515,108.54463195800781
11800,1.0,0.9900106191635132,0.002966557629406452,108.60401916503906
11850,1.0,0.9904357194900513,0.0029158303514122963,108.66153717041016
11900,1.0,0.9908607602119446,0.0028661859687417746,108.71827697753906
11950,1.0,0.9914984107017517,0.0028169131837785244,108.77349090576172
12000,1.0,0.9917109608650208,0.0027682024519890547,108.82797241210938
12050,1.0,0.9921360015869141,0.0027198672760277987,108.88080596923828
12100,1.0,0.9921360015869141,0.0026719688903540373,108.93148803710938
12150,1.0,0.9929862022399902,0.0026261478196829557,108.98001098632812
12200,1.0,0.9929862022399902,0.0025824992917478085,109.02780151367188
12250,1.0,0.9927736520767212,0.0025406552013009787,109.07508850097656
12300,1.0,0.9934112429618835,0.002499480964615941,109.12346649169922
12350,1.0,0.9938363432884216,0.0024593821726739407,109.17439270019531
12400,1.0,0.9934112429618835,0.0024207814130932093,109.22628784179688
12450,1.0,0.9940488934516907,0.002382516162469983,109.28157806396484
12500,1.0,0.9940488934516907,0.0023447424173355103,109.33732604980469
12550,1.0,0.9938363432884216,0.0023076548241078854,109.39360809326172
12600,1.0,0.9940488934516907,0.0022720727138221264,109.4506607055664
12650,1.0,0.9936237931251526,0.002236216329038143,109.50959014892578
12700,1.0,0.9934112429618835,0.002200858201831579,109.5688705444336
12750,1.0,0.9942614436149597,0.0021664584055542946,109.62925720214844
